<?xml version="1.0" encoding="UTF-8" standalone="yes"?>
<addon id="repository.BreakingBad" name="[COLOR lime][B]Breaking Bad[/B][/COLOR]" version="0.0.1" provider-name="Hectobo Y Gely">
    <extension point="xbmc.addon.repository" name="Repo Breaking Bad">
        <info>https://raw.githubusercontent.com/AddonMike/Repo/master/Repositorio/addons.xml</info>
        <checksum>https://raw.githubusercontent.com/AddonMike/Repo/master/Repositorio/addons.xml.md5</checksum>
        <datadir zip="true">https://raw.githubusercontent.com/AddonMike/Repo/master/Repositorio</datadir>
    </extension>
    <extension point="xbmc.addon.metadata">
        <summary>Repo Addons Breaking Bad</summary>
        <description></description>
        <disclaimer></disclaimer>
        <platform>all</platform>
    </extension>
</addon>
