<?xml version="1.0" encoding="UTF-8" standalone="yes"?>
<addon id="script.ArmageddonTools"
       name="[COLOR gold]Mantenimiento Armageddon[/COLOR]"
       version="0.0.2"
       provider-name="Hectobo">
  <requires>
    <import addon="xbmc.python" version="2.19.0"/>
  </requires>
  <extension library="main.py" point="xbmc.python.pluginsource">
        <provides>executable</provides>
  </extension>
  <extension library="script.py" point="xbmc.service" start="startup"> 
        <provides>executable</provides>
  </extension>
  <extension point="xbmc.addon.metadata">
    <platform>all</platform>
    <summary></summary>
    <description>
	Tool Creada Por Equipo Armageddon
    </description>
    <language></language>
  </extension>
</addon>