<?xml version="1.0" encoding="UTF-8" standalone="yes"?>
<addon id="plugin.video.Armageddon"
       name="[COLOR gold][B]Armageddon[/B][/COLOR]" 
       version="0.0.5"
       provider-name="[COLOR aqua][B]Hectobo Y David[/B][/COLOR]">
  <requires>
    <import addon="xbmc.python" version="2.1.0"/>
    <import addon="script.module.beautifulsoup" version="3.2.1"/>
    <import addon="script.module.simple.downloader" version="0.9.4"/>
    <import addon="script.module.beautifulsoup4" />
    <import addon="script.module.requests" />
    <import addon="script.module.httplib2" />
    <import addon="script.module.liveresolver" version="0.1.24" optional="true"/>
    <import addon="script.module.youtube.dl" />
    <import addon="plugin.video.youtube"  />
    <import addon="script.module.urlresolver" />
    <import addon="script.module.simplejson" />    
     <import addon="script.module.livestreamer" optional="true"/>
     <import addon="script.module.pyamf" optional="true"/>
  </requires>
  <extension point="xbmc.python.pluginsource" library="default.py">
    <provides>video audio</provides>
  </extension> 
  
  <extension point="xbmc.addon.metadata">
    <summary>Este addon no aloja ningun tipo de contenido, todo son recopilaciones de internet.</summary>
    <description>Este addon no aloja ningun tipo de contenido, todo son recopilaciones de internet.</description>
    <platform>all</platform>
	  <assets>
		<icon>icon.png</icon>
		<fanart>fanart.jpg</fanart>
	  </assets>
  </extension>
</addon>
