<?xml version="1.0" encoding="UTF-8" standalone="yes"?>
<addon id="plugin.program.LetsPlay" name="[COLOR red]Let´s Play[/COLOR]" version="0.0.1" provider-name="Hectobo Y Chikiry">
  <requires>
    <import addon="xbmc.python" version="2.1.0"/>
  </requires>
  <extension point="xbmc.python.pluginsource" library="default.py">
    <provides>executable</provides>
  </extension>
  <extension point="xbmc.service" library="startup.py" start="startup" />
  <extension point="xbmc.addon.metadata">
    <summary lang="en">Lets Play</summary>
    <description lang="en">Lets Play</description>
    <platform>all</platform>
  </extension>
</addon>