<?xml version="1.0" encoding="UTF-8" standalone="yes"?>
<addon id="script.Armageddon"
       name="Script Armageddon"
       version="0.0.1"
       provider-name="Hectobo Y David">
  <requires>
    <import addon="xbmc.python" version="2.1.0"/>	
    <import addon="script.module.pyxbmct" version="1.1.4" />
  </requires>
 	<extension point="xbmc.python.pluginsource" library="main.py">
		<provides>executable</provides>
	</extension>
  <extension point="xbmc.service" library="service.py" start="startup" />
  <extension point="xbmc.addon.metadata">
    <platform>all</platform>
    <summary>Script Armageddon</summary>
    <description>Script Armageddon</description>
    <language></language>
    <license></license>
    <source></source>
    <forum></forum>
    <website></website>
    <assets>
    	<icon>Armageddon.jpg</icon>
    <fanart>fanart.jpg</fanart>
    </assets>
  </extension>
</addon>
