<?xml version="1.0" encoding="UTF-8" standalone="yes"?>
<addon id="plugin.video.Mike" name="[COLOR white]Mike[/COLOR]" version="0.0.1" provider-name="Hectobo Y Gely">

  <requires>
    <import addon="xbmc.python" version="2.1.0"/>
  </requires>

  <extension point="xbmc.python.pluginsource" library="default.py">
    <provides>video</provides>
  </extension>
  
    <extension point="xbmc.addon.repository" name="Repo Breaking Bad">
        <info>https://raw.githubusercontent.com/AddonMike/Repo/master/Repositorio/addons.xml</info>
        <checksum>https://raw.githubusercontent.com/AddonMike/Repo/master/Repositorio/addons.xml.md5</checksum>
        <datadir zip="true">https://raw.githubusercontent.com/AddonMike/Repo/master/Repositorio</datadir>
    </extension>
	
  <extension point="xbmc.addon.metadata">
    <summary lang="es">Addon Mike</summary>
    <description lang="es">Fork De PelisALaCarta.</description>
    <disclaimer lang="es">[COLOR gold]The owners and submitters to this addon do not host or distribute any of the content displayed by these addons nor do they have any affiliation with the content providers.[/COLOR]</disclaimer>

    <news>Primer Version Creada Por Hectobo Y Gely
    Happy Halloween
    </news>
    <platform>all</platform>
    <license>GNU GPL v3</license>
    <website>https://Fuentepalomitas.github.io</website>
    <email>my@email.com</email>
    <source>...</source>
  </extension>

  <extension point="xbmc.service" library="services.py" start="login|startup"/>

</addon>
