﻿<?xml version="1.0" encoding="UTF-8" standalone="yes"?>
<addon id="plugin.video.Heisenberg" name="[COLOR lime][B]Heisenberg[/B][/COLOR]" version="0.0.1" provider-name="Hectobo Y Equipo Heisenberg">
    <requires>
        <import addon="xbmc.python" version="2.19.0" />
        <import addon="script.module.universalscrapers" version="1.0.0" />
        <import addon="script.module.python.koding.aio" version="0.9.6.6" />
        <import addon="script.module.beautifulsoup" version="3.2.1" />
        <import addon="script.module.requests" version="2.9.1" />
        <import addon="script.module.addon.common" version="2.0.0" />
        <import addon="script.module.xmltodict" version="0.9.0" />
        <!--<import addon="script.module.web-pdb" version="1.0"/>-->
        <import addon="script.module.resolveurl" />
    </requires>
    <extension point="xbmc.python.pluginsource" library="main.py">
        <provides>video</provides>
    </extension>
    <extension point="xbmc.service" library="service.py" start="[login|startup]" />
    <extension point="xbmc.addon.metadata">
        <summary lang="en">Addon Heisenberg</summary>
        <description lang="en">Heisenberg</description>
        <disclaimer lang="en">Los Creadores Del Addon No Se Hacen Responsables Del Contenido Que Hay Todo Es Sacado De Webs Las Webs Son Las Propietarias Del Contenido El Addon Sólo Lo Conecta</disclaimer>
        <platform>all</platform>
        <website/>
        <video_guide></video_guide>
    </extension>
</addon>
