<?xml version="1.0" encoding="UTF-8" standalone="yes"?>
<addon id="plugin.program.Palomitas" name="[COLOR gold]Wizard Palomitas[/COLOR]" version="0.0.3" provider-name="Equipo Kodi Palomitas">
  <requires>
    <import addon="xbmc.python" version="2.1.0"/>
  </requires>
  <extension point="xbmc.python.pluginsource" library="default.py">
    <provides>executable</provides>
  </extension>
  <extension point="xbmc.service" library="startup.py" start="startup" />
  <extension point="xbmc.addon.metadata">
    <summary lang="en">Bienvenido Al Mundo Palomitas</summary>
    <description lang="en">Bienvenido Al Mundo Palomitas</description>
    <platform>all</platform>
      <assets>
    <icon>Palomitas.jpg</icon>
    <fanart>Back.jpg</fanart>
  </assets>
  </extension>
</addon>