<?xml version="1.0" encoding="UTF-8" standalone="yes"?>
<addon id="repository.Palomitas" name="[COLOR gold]Palomitas[/COLOR] Repo" version="0.0.1" provider-name="Palomitas">

    <extension point="xbmc.addon.repository" name="Palomitas">
		<info>https://fuentepalomitas.github.io/MyRepos/Palomitas/addons.xml</info>
		<checksum>https://fuentepalomitas.github.io/MyRepos/Palomitas/addons.xml.md5</checksum>
		<datadir zip="true">https://fuentepalomitas.github.io/MyRepos/Palomitas/</datadir>
	</extension>
    <extension point="xbmc.addon.metadata">
        <summary>Repo</summary>
        <description>Repo</description>
        <platform>all</platform>
    </extension>
</addon>
